{"cx": 305.1304931640625, "cy": 242.56442260742188, "depth_scale": 1.0, "fx": 616.1385498046875, "fy": 615.6030883789062, "height": 480, "width": 640}